lambda,beta_sca
4.4e-07,2.7164034082726068e-05
5.5e-07,1.0883704843378783e-05
6.8e-07,4.596084473413623e-06
