lambda,ior
4.4e-07,3.4245010438471724e-06
5.5e-07,3.3833734736088417e-06
6.8e-07,3.357628653999356e-06
