lambda,beta_sca
4.4e-07,1.2650432760452193e-05
5.5e-07,1.8505775923861492e-05
6.8e-07,2.345614102049243e-05
