lambda,beta_abs
4.4e-07,2.4361630761295618e-05
5.5e-07,1.2904999188865203e-05
6.8e-07,7.851638085263714e-06
