lambda,beta_abs
4.4e-07,1.0698977873005721e-05
5.5e-07,6.060108140257827e-06
6.8e-07,1.3553515911733974e-06
