lambda,beta_abs
4.4e-07,1.0575338611934134e-05
5.5e-07,6.194913573437476e-06
6.8e-07,1.434500173855293e-06
