lambda,beta_sca
4.4e-07,1.9932975413913606e-05
5.5e-07,2.5609507087596744e-05
6.8e-07,3.1364071859739784e-05
