lambda,beta_sca
440.0,5.75e-06
550.0,1.3569999999999999e-05
680.0,1.9917999999999998e-05
