lambda,beta_sca
440.0,8.855302932316343e-06
550.0,1.2954043146702762e-05
680.0,1.6419298714344333e-05
