lambda,beta_abs
440.0,7.2296514552948956e-06
550.0,3.1309112392001943e-06
680.0,-3.3434432758013444e-07
