lambda,beta_abs
4.4e-07,8.501667999999999e-08
5.5e-07,1.8809e-06
6.8e-07,6.497166000000015e-07
