lambda,beta_sca
4.4e-07,5.707794059308872e-07
5.5e-07,2.3379124466929136e-07
6.8e-07,1.0005604916409195e-07
