lambda,beta_abs
4.4e-07,9.245836474661147e-06
5.5e-07,5.232001772017718e-06
6.8e-07,1.1808218186736838e-06
