lambda,beta_sca
4.4e-07,2.0764012825526556e-05
5.5e-07,2.542870880405877e-05
6.8e-07,3.0069863513190622e-05
