{"RGB":{"0":[0,0,0],"1":[1,1,1],"0.4":[0.9019607843137255,0,0],"0.8":[0.9019607843137255,0.9019607843137255,0]},"Alpha":{"0":0,"1":1,"0.4":0.4,"0.8":0.8}}