lambda,beta_sca
4.4e-07,2.0141362014554096e-05
5.5e-07,2.5227733049205797e-05
6.8e-07,3.117554267848886e-05
